{"map_config": {"type": "block_num", "config": 3}, "map_data": {"1000": {"seed": 1000, "lane_num": 3, "lane_width": 3.5, "block_sequence": [{"id": "I", "pre_block_socket_index": null}, {"length": 60.502628326416016, "radius": 42.93980026245117, "dir": 0, "angle": 91.13091278076172, "id": "C", "pre_block_socket_index": 0}, {"length": 27.84206199645996, "id": "R", "pre_block_socket_index": 0}, {"length": 41.57311248779297, "radius": 26.376474380493164, "dir": 0, "angle": 48.53950500488281, "id": "C", "pre_block_socket_index": 0}]}}}